-- Fills in Logan's Plan with 5 real training days. Weights are intentionally
-- omitted (target_weight left null) per Logan's request to keep only the
-- prescribed sets/reps, not a specific historical weight. Exercises that
-- repeat across days (Bench Press, Lat Pulldown, Hip Thrust, etc.) share one
-- exercise_library row rather than being duplicated per day.

-- Exercise library entries (fixed ids so later inserts can reference them).
insert into public.exercises (id, name, muscle_group) values
  ('11111111-0000-4000-8000-000000000001', 'Leg Press', 'legs'),
  ('11111111-0000-4000-8000-000000000002', 'Calf Raise', 'legs'),
  ('11111111-0000-4000-8000-000000000003', 'Hip Thrust', 'legs'),
  ('11111111-0000-4000-8000-000000000004', 'Leg Extensions', 'legs'),
  ('11111111-0000-4000-8000-000000000005', 'Leg Curl', 'legs'),
  ('11111111-0000-4000-8000-000000000006', 'Lat Pulldown', 'back'),
  ('11111111-0000-4000-8000-000000000007', 'Barbell Rows', 'back'),
  ('11111111-0000-4000-8000-000000000008', 'Face Pulls / Reverse Pec Deck', 'back'),
  ('11111111-0000-4000-8000-000000000009', 'Bicep Curls', 'arms'),
  ('11111111-0000-4000-8000-00000000000a', 'Hammer Curls', 'arms'),
  ('11111111-0000-4000-8000-00000000000b', 'Bench Press', 'chest'),
  ('11111111-0000-4000-8000-00000000000c', 'Incline Bench Press', 'chest'),
  ('11111111-0000-4000-8000-00000000000d', 'Tricep Pushdown', 'arms'),
  ('11111111-0000-4000-8000-00000000000e', 'Lateral Raises', 'shoulders'),
  ('11111111-0000-4000-8000-00000000000f', 'Squat', 'legs'),
  ('11111111-0000-4000-8000-000000000010', 'Deadlift', 'back'),
  ('11111111-0000-4000-8000-000000000011', 'Converging Shoulder Press', 'shoulders'),
  ('11111111-0000-4000-8000-000000000012', 'Dip Chin', 'back');

-- Routine days for Logan's Plan.
insert into public.routine_days (id, routine_id, day_order, name) values
  ('22222222-0000-4000-8000-000000000001', (select id from public.routines where name = 'Logan''s Plan'), 1, 'Leg Day'),
  ('22222222-0000-4000-8000-000000000002', (select id from public.routines where name = 'Logan''s Plan'), 2, 'Pull Day'),
  ('22222222-0000-4000-8000-000000000003', (select id from public.routines where name = 'Logan''s Plan'), 3, 'Upper'),
  ('22222222-0000-4000-8000-000000000004', (select id from public.routines where name = 'Logan''s Plan'), 4, 'Lower'),
  ('22222222-0000-4000-8000-000000000005', (select id from public.routines where name = 'Logan''s Plan'), 5, 'Push');

-- Leg Day
insert into public.routine_exercises (routine_day_id, exercise_id, exercise_order, target_sets, target_reps) values
  ('22222222-0000-4000-8000-000000000001', '11111111-0000-4000-8000-000000000001', 1, 3, '10'),
  ('22222222-0000-4000-8000-000000000001', '11111111-0000-4000-8000-000000000002', 2, 3, '12'),
  ('22222222-0000-4000-8000-000000000001', '11111111-0000-4000-8000-000000000003', 3, 3, null),
  ('22222222-0000-4000-8000-000000000001', '11111111-0000-4000-8000-000000000004', 4, 3, '12-15'),
  ('22222222-0000-4000-8000-000000000001', '11111111-0000-4000-8000-000000000005', 5, 3, '12-15');

-- Pull Day
insert into public.routine_exercises (routine_day_id, exercise_id, exercise_order, target_sets, target_reps) values
  ('22222222-0000-4000-8000-000000000002', '11111111-0000-4000-8000-000000000006', 1, 3, '8-12'),
  ('22222222-0000-4000-8000-000000000002', '11111111-0000-4000-8000-000000000007', 2, 3, '8-10'),
  ('22222222-0000-4000-8000-000000000002', '11111111-0000-4000-8000-000000000008', 3, 3, '12-15'),
  ('22222222-0000-4000-8000-000000000002', '11111111-0000-4000-8000-000000000009', 4, 3, '10-12'),
  ('22222222-0000-4000-8000-000000000002', '11111111-0000-4000-8000-00000000000a', 5, 3, '10-12');

-- Upper
insert into public.routine_exercises (routine_day_id, exercise_id, exercise_order, target_sets, target_reps) values
  ('22222222-0000-4000-8000-000000000003', '11111111-0000-4000-8000-00000000000b', 1, 4, '9,9,10,8'),
  ('22222222-0000-4000-8000-000000000003', '11111111-0000-4000-8000-00000000000c', 2, 3, '10,10,8'),
  ('22222222-0000-4000-8000-000000000003', '11111111-0000-4000-8000-000000000006', 3, 3, '12'),
  ('22222222-0000-4000-8000-000000000003', '11111111-0000-4000-8000-00000000000d', 4, 3, '15'),
  ('22222222-0000-4000-8000-000000000003', '11111111-0000-4000-8000-00000000000e', 5, 3, '15');

-- Lower
insert into public.routine_exercises (routine_day_id, exercise_id, exercise_order, target_sets, target_reps) values
  ('22222222-0000-4000-8000-000000000004', '11111111-0000-4000-8000-00000000000f', 1, 4, '8'),
  ('22222222-0000-4000-8000-000000000004', '11111111-0000-4000-8000-000000000002', 2, 4, '12'),
  ('22222222-0000-4000-8000-000000000004', '11111111-0000-4000-8000-000000000010', 3, 3, '12'),
  ('22222222-0000-4000-8000-000000000004', '11111111-0000-4000-8000-000000000003', 4, 3, '15'),
  ('22222222-0000-4000-8000-000000000004', '11111111-0000-4000-8000-000000000005', 5, null, 'Strength test'),
  ('22222222-0000-4000-8000-000000000004', '11111111-0000-4000-8000-000000000004', 6, null, 'Strength test');

-- Push
insert into public.routine_exercises (routine_day_id, exercise_id, exercise_order, target_sets, target_reps) values
  ('22222222-0000-4000-8000-000000000005', '11111111-0000-4000-8000-00000000000b', 1, 4, '10,10,9,7'),
  ('22222222-0000-4000-8000-000000000005', '11111111-0000-4000-8000-00000000000e', 2, 3, '15'),
  ('22222222-0000-4000-8000-000000000005', '11111111-0000-4000-8000-00000000000d', 3, 4, '15,15,15,14'),
  ('22222222-0000-4000-8000-000000000005', '11111111-0000-4000-8000-000000000011', 4, 4, '8,10,10,9'),
  ('22222222-0000-4000-8000-000000000005', '11111111-0000-4000-8000-00000000000c', 5, 3, '9'),
  ('22222222-0000-4000-8000-000000000005', '11111111-0000-4000-8000-000000000012', 6, 3, '11,10,10');
